waypoint_id,x,y
0,-533.0,161.0
1,-535.0,161.0
2,-537.0,161.0
3,-539.0,161.0
4,-541.0,161.0
5,-543.0,161.0
6,-545.0,161.0
7,-547.0,161.0
8,-549.0,159.0
9,-551.0,159.0
10,-549.0,159.0
11,-547.0,159.0
12,-545.0,159.0
13,-543.0,159.0
14,-541.0,159.0
15,-539.0,159.0
16,-537.0,159.0
17,-535.0,159.0
18,-533.0,159.0
19,-531.0,159.0
20,-529.0,159.0
21,-527.0,159.0
22,-525.0,159.0
23,-523.0,159.0
24,-521.0,159.0
25,-519.0,159.0
26,-517.0,159.0
27,-515.0,159.0
28,-513.0,159.0
29,-511.0,159.0
30,-509.0,159.0
31,-507.0,159.0
32,-505.0,159.0
33,-503.0,159.0
34,-501.0,159.0
35,-499.0,159.0
36,-497.0,159.0
37,-495.0,159.0
38,-493.0,159.0
39,-491.0,159.0
40,-489.0,159.0
41,-487.0,159.0
42,-485.0,159.0
43,-483.0,159.0
44,-481.0,159.0
45,-479.0,159.0
46,-477.0,159.0
47,-475.0,159.0
48,-473.0,159.0
49,-471.0,159.0
50,-469.0,159.0
51,-467.0,159.0
52,-465.0,159.0
53,-463.0,159.0
54,-461.0,159.0
55,-459.0,159.0
56,-457.0,159.0
57,-455.0,159.0
58,-453.0,159.0
59,-451.0,159.0
60,-449.0,159.0
61,-447.0,159.0
62,-445.0,159.0
63,-445.0,161.0
64,-443.0,163.0
65,-441.0,165.0
66,-439.0,165.0
67,-437.0,165.0
68,-435.0,165.0
69,-433.0,163.0
70,-433.0,161.0
71,-433.0,159.0
72,-431.0,159.0
73,-429.0,159.0
74,-427.0,159.0
75,-425.0,159.0
76,-423.0,159.0
77,-421.0,159.0
78,-419.0,159.0
79,-417.0,159.0
80,-415.0,159.0
81,-413.0,159.0
82,-413.0,161.0
83,-413.0,163.0
84,-415.0,163.0
85,-417.0,163.0
86,-419.0,163.0
87,-421.0,163.0
88,-423.0,163.0
89,-425.0,163.0
90,-427.0,163.0
91,-429.0,163.0
92,-431.0,163.0
93,-433.0,163.0
94,-435.0,163.0
95,-435.0,165.0
96,-437.0,165.0
97,-439.0,165.0
98,-441.0,165.0
99,-441.0,163.0
100,-443.0,163.0
101,-445.0,163.0
102,-447.0,163.0
103,-449.0,163.0
104,-451.0,163.0
105,-453.0,163.0
106,-455.0,163.0
107,-457.0,163.0
108,-459.0,163.0
109,-461.0,163.0
110,-463.0,163.0
111,-465.0,163.0
112,-467.0,163.0
113,-469.0,163.0
114,-471.0,163.0
115,-473.0,163.0
116,-475.0,163.0
117,-477.0,163.0
118,-479.0,163.0
119,-481.0,163.0
120,-483.0,163.0
121,-485.0,163.0
122,-487.0,163.0
123,-489.0,163.0
124,-491.0,163.0
125,-493.0,163.0
126,-495.0,163.0
127,-497.0,163.0
128,-499.0,163.0
129,-501.0,163.0
130,-503.0,163.0
131,-505.0,163.0
132,-507.0,163.0
133,-509.0,163.0
134,-511.0,163.0
135,-513.0,163.0
136,-515.0,163.0
137,-517.0,163.0
138,-519.0,163.0
139,-521.0,163.0
140,-523.0,163.0
141,-525.0,163.0
142,-527.0,163.0
143,-529.0,163.0
144,-531.0,163.0
145,-533.0,163.0
146,-535.0,163.0
147,-537.0,163.0
148,-539.0,163.0
149,-541.0,163.0
150,-543.0,163.0
151,-545.0,163.0
152,-547.0,163.0
153,-549.0,163.0
154,-551.0,163.0
155,-553.0,163.0
156,-555.0,163.0
157,-557.0,163.0
158,-559.0,163.0
159,-561.0,163.0
160,-561.0,165.0
161,-561.0,167.0
162,-559.0,167.0
163,-557.0,167.0
164,-555.0,167.0
165,-553.0,167.0
166,-551.0,167.0
167,-549.0,167.0
168,-547.0,167.0
169,-545.0,167.0
170,-543.0,167.0
171,-541.0,167.0
172,-539.0,167.0
173,-537.0,167.0
174,-535.0,167.0
175,-533.0,167.0
176,-531.0,167.0
177,-529.0,167.0
178,-527.0,167.0
179,-525.0,167.0
180,-523.0,167.0
181,-521.0,167.0
182,-519.0,167.0
183,-517.0,167.0
184,-515.0,167.0
185,-513.0,167.0
186,-511.0,167.0
187,-509.0,167.0
188,-507.0,167.0
189,-505.0,167.0
190,-503.0,167.0
191,-501.0,167.0
192,-499.0,167.0
193,-497.0,167.0
194,-495.0,167.0
195,-493.0,167.0
196,-491.0,167.0
197,-489.0,167.0
198,-487.0,167.0
199,-485.0,167.0
200,-483.0,167.0
201,-481.0,167.0
202,-479.0,167.0
203,-477.0,167.0
204,-475.0,167.0
205,-473.0,167.0
206,-471.0,167.0
207,-469.0,167.0
208,-467.0,167.0
209,-465.0,167.0
210,-463.0,167.0
211,-461.0,167.0
212,-459.0,167.0
213,-457.0,167.0
214,-455.0,167.0
215,-453.0,167.0
216,-451.0,167.0
217,-449.0,167.0
218,-447.0,167.0
219,-445.0,167.0
220,-443.0,167.0
221,-441.0,167.0
222,-439.0,167.0
223,-437.0,167.0
224,-435.0,167.0
225,-433.0,167.0
226,-431.0,167.0
227,-429.0,167.0
228,-427.0,167.0
229,-425.0,167.0
230,-423.0,167.0
231,-421.0,167.0
232,-419.0,167.0
233,-417.0,167.0
234,-415.0,167.0
235,-413.0,167.0
236,-413.0,169.0
237,-413.0,171.0
238,-415.0,171.0
239,-417.0,171.0
240,-419.0,171.0
241,-421.0,171.0
242,-423.0,171.0
243,-425.0,171.0
244,-427.0,171.0
245,-429.0,171.0
246,-431.0,171.0
247,-433.0,171.0
248,-435.0,171.0
249,-437.0,171.0
250,-439.0,171.0
251,-441.0,171.0
252,-443.0,171.0
253,-445.0,171.0
254,-447.0,171.0
255,-449.0,171.0
256,-451.0,171.0
257,-453.0,171.0
258,-455.0,171.0
259,-457.0,171.0
260,-459.0,171.0
261,-461.0,171.0
262,-463.0,171.0
263,-465.0,171.0
264,-467.0,171.0
265,-469.0,171.0
266,-471.0,171.0
267,-473.0,171.0
268,-475.0,171.0
269,-477.0,171.0
270,-479.0,171.0
271,-481.0,171.0
272,-483.0,171.0
273,-485.0,171.0
274,-487.0,171.0
275,-489.0,171.0
276,-491.0,171.0
277,-493.0,171.0
278,-495.0,171.0
279,-497.0,171.0
280,-499.0,171.0
281,-501.0,171.0
282,-503.0,171.0
283,-505.0,171.0
284,-507.0,171.0
285,-509.0,171.0
286,-511.0,171.0
287,-513.0,171.0
288,-515.0,171.0
289,-517.0,171.0
290,-519.0,171.0
291,-521.0,171.0
292,-523.0,171.0
293,-525.0,171.0
294,-527.0,171.0
295,-529.0,171.0
296,-531.0,171.0
297,-533.0,171.0
298,-535.0,171.0
299,-537.0,171.0
300,-539.0,171.0
301,-541.0,171.0
302,-543.0,171.0
303,-545.0,171.0
304,-547.0,171.0
305,-549.0,171.0
306,-551.0,171.0
307,-553.0,171.0
308,-555.0,171.0
309,-557.0,171.0
310,-559.0,171.0
311,-561.0,171.0
312,-561.0,173.0
313,-561.0,175.0
314,-559.0,175.0
315,-557.0,175.0
316,-555.0,175.0
317,-553.0,175.0
318,-551.0,175.0
319,-549.0,175.0
320,-547.0,175.0
321,-545.0,175.0
322,-543.0,175.0
323,-541.0,175.0
324,-539.0,175.0
325,-537.0,175.0
326,-535.0,175.0
327,-533.0,175.0
328,-531.0,175.0
329,-529.0,175.0
330,-527.0,175.0
331,-525.0,175.0
332,-523.0,175.0
333,-521.0,175.0
334,-519.0,175.0
335,-517.0,175.0
336,-515.0,175.0
337,-513.0,175.0
338,-511.0,175.0
339,-509.0,175.0
340,-507.0,175.0
341,-505.0,175.0
342,-503.0,175.0
343,-501.0,175.0
344,-499.0,175.0
345,-497.0,175.0
346,-495.0,175.0
347,-493.0,175.0
348,-491.0,175.0
349,-489.0,175.0
350,-487.0,175.0
351,-485.0,175.0
352,-483.0,175.0
353,-481.0,175.0
354,-479.0,175.0
355,-477.0,175.0
356,-475.0,175.0
357,-473.0,175.0
358,-471.0,175.0
359,-469.0,175.0
360,-467.0,175.0
361,-465.0,175.0
362,-463.0,175.0
363,-461.0,175.0
364,-459.0,175.0
365,-457.0,175.0
366,-455.0,175.0
367,-453.0,175.0
368,-451.0,175.0
369,-449.0,175.0
370,-447.0,175.0
371,-445.0,175.0
372,-443.0,175.0
373,-441.0,175.0
374,-439.0,175.0
375,-437.0,175.0
376,-435.0,175.0
377,-433.0,175.0
378,-431.0,175.0
379,-429.0,175.0
380,-427.0,175.0
381,-425.0,175.0
382,-423.0,175.0
383,-421.0,175.0
384,-419.0,175.0
385,-417.0,175.0
386,-415.0,175.0
387,-413.0,175.0
388,-413.0,177.0
389,-413.0,179.0
390,-415.0,179.0
391,-417.0,179.0
392,-419.0,179.0
393,-421.0,179.0
394,-423.0,179.0
395,-425.0,179.0
396,-427.0,179.0
397,-429.0,179.0
398,-431.0,179.0
399,-433.0,179.0
400,-435.0,179.0
401,-437.0,179.0
402,-439.0,179.0
403,-441.0,179.0
404,-443.0,179.0
405,-445.0,179.0
406,-447.0,179.0
407,-449.0,179.0
408,-451.0,179.0
409,-453.0,179.0
410,-455.0,179.0
411,-457.0,179.0
412,-459.0,179.0
413,-461.0,179.0
414,-463.0,179.0
415,-465.0,179.0
416,-467.0,179.0
417,-469.0,179.0
418,-471.0,179.0
419,-473.0,179.0
420,-475.0,179.0
421,-477.0,179.0
422,-479.0,179.0
423,-481.0,179.0
424,-483.0,179.0
425,-485.0,179.0
426,-487.0,179.0
427,-489.0,179.0
428,-491.0,179.0
429,-493.0,179.0
430,-495.0,179.0
431,-497.0,179.0
432,-499.0,179.0
433,-501.0,179.0
434,-503.0,179.0
435,-505.0,179.0
436,-507.0,179.0
437,-509.0,179.0
438,-511.0,179.0
439,-513.0,179.0
440,-515.0,179.0
441,-517.0,179.0
442,-519.0,179.0
443,-521.0,179.0
444,-523.0,179.0
445,-525.0,179.0
446,-527.0,179.0
447,-529.0,179.0
448,-531.0,179.0
449,-533.0,179.0
450,-535.0,179.0
451,-537.0,179.0
452,-539.0,179.0
453,-541.0,179.0
454,-543.0,179.0
455,-545.0,179.0
456,-547.0,179.0
457,-549.0,179.0
458,-551.0,179.0
459,-553.0,179.0
460,-555.0,179.0
461,-557.0,179.0
462,-559.0,179.0
463,-561.0,179.0
464,-561.0,181.0
465,-561.0,183.0
466,-559.0,183.0
467,-557.0,183.0
468,-555.0,183.0
469,-553.0,183.0
470,-551.0,183.0
471,-549.0,183.0
472,-547.0,183.0
473,-545.0,183.0
474,-543.0,183.0
475,-541.0,183.0
476,-539.0,183.0
477,-537.0,183.0
478,-535.0,183.0
479,-533.0,183.0
480,-531.0,183.0
481,-529.0,183.0
482,-527.0,183.0
483,-525.0,183.0
484,-523.0,183.0
485,-521.0,183.0
486,-519.0,183.0
487,-517.0,183.0
488,-515.0,183.0
489,-513.0,183.0
490,-511.0,183.0
491,-509.0,183.0
492,-507.0,183.0
493,-505.0,183.0
494,-503.0,183.0
495,-501.0,183.0
496,-499.0,183.0
497,-497.0,183.0
498,-495.0,183.0
499,-493.0,183.0
500,-491.0,183.0
501,-489.0,183.0
502,-487.0,183.0
503,-485.0,183.0
504,-483.0,183.0
505,-481.0,183.0
506,-479.0,183.0
507,-477.0,183.0
508,-475.0,183.0
509,-473.0,183.0
510,-471.0,183.0
511,-469.0,183.0
512,-467.0,183.0
513,-465.0,183.0
514,-463.0,183.0
515,-461.0,183.0
516,-459.0,183.0
517,-457.0,183.0
518,-455.0,183.0
519,-453.0,183.0
520,-451.0,183.0
521,-449.0,183.0
522,-447.0,183.0
523,-445.0,183.0
524,-443.0,183.0
525,-441.0,183.0
526,-439.0,183.0
527,-437.0,183.0
528,-435.0,183.0
529,-433.0,183.0
530,-431.0,183.0
531,-429.0,183.0
532,-427.0,183.0
533,-425.0,183.0
534,-423.0,183.0
535,-421.0,183.0
536,-419.0,183.0
537,-417.0,183.0
538,-415.0,183.0
539,-413.0,183.0
540,-413.0,185.0
541,-413.0,187.0
542,-415.0,187.0
543,-417.0,187.0
544,-419.0,187.0
545,-421.0,187.0
546,-423.0,187.0
547,-425.0,187.0
548,-427.0,187.0
549,-429.0,187.0
550,-431.0,187.0
551,-433.0,187.0
552,-435.0,187.0
553,-437.0,187.0
554,-439.0,187.0
555,-441.0,187.0
556,-443.0,187.0
557,-445.0,187.0
558,-447.0,187.0
559,-449.0,187.0
560,-451.0,187.0
561,-453.0,187.0
562,-455.0,187.0
563,-457.0,187.0
564,-459.0,187.0
565,-461.0,187.0
566,-463.0,187.0
567,-465.0,187.0
568,-467.0,187.0
569,-469.0,187.0
570,-471.0,187.0
571,-473.0,187.0
572,-475.0,187.0
573,-477.0,187.0
574,-479.0,187.0
575,-481.0,187.0
576,-483.0,187.0
577,-485.0,187.0
578,-487.0,187.0
579,-489.0,187.0
580,-491.0,187.0
581,-493.0,187.0
582,-495.0,187.0
583,-497.0,187.0
584,-499.0,187.0
585,-501.0,187.0
586,-503.0,187.0
587,-505.0,187.0
588,-507.0,187.0
589,-509.0,187.0
590,-511.0,187.0
591,-513.0,187.0
592,-515.0,187.0
593,-517.0,187.0
594,-519.0,187.0
595,-521.0,187.0
596,-523.0,187.0
597,-525.0,187.0
598,-527.0,187.0
599,-529.0,187.0
600,-531.0,187.0
601,-533.0,187.0
602,-535.0,187.0
603,-537.0,187.0
604,-539.0,187.0
605,-541.0,187.0
606,-543.0,187.0
607,-545.0,187.0
608,-547.0,187.0
609,-549.0,187.0
610,-551.0,187.0
611,-553.0,187.0
612,-555.0,187.0
613,-557.0,187.0
614,-559.0,187.0
615,-561.0,187.0
616,-561.0,189.0
617,-561.0,191.0
618,-559.0,191.0
619,-557.0,191.0
620,-555.0,191.0
621,-553.0,191.0
622,-551.0,191.0
623,-549.0,191.0
624,-547.0,191.0
625,-545.0,191.0
626,-543.0,191.0
627,-541.0,191.0
628,-539.0,191.0
629,-537.0,191.0
630,-535.0,191.0
631,-533.0,191.0
632,-531.0,191.0
633,-529.0,191.0
634,-527.0,191.0
635,-525.0,191.0
636,-523.0,191.0
637,-521.0,191.0
638,-519.0,191.0
639,-517.0,191.0
640,-515.0,191.0
641,-513.0,191.0
642,-511.0,191.0
643,-509.0,191.0
644,-507.0,191.0
645,-505.0,191.0
646,-503.0,191.0
647,-501.0,191.0
648,-499.0,191.0
649,-497.0,191.0
650,-495.0,191.0
651,-493.0,191.0
652,-491.0,191.0
653,-489.0,191.0
654,-487.0,191.0
655,-485.0,191.0
656,-483.0,191.0
657,-481.0,191.0
658,-479.0,191.0
659,-477.0,191.0
660,-475.0,191.0
661,-473.0,191.0
662,-471.0,191.0
663,-469.0,191.0
664,-467.0,191.0
665,-465.0,191.0
666,-463.0,191.0
667,-461.0,191.0
668,-459.0,191.0
669,-457.0,191.0
670,-455.0,191.0
671,-453.0,191.0
672,-451.0,191.0
673,-449.0,191.0
674,-447.0,191.0
675,-445.0,191.0
676,-443.0,191.0
677,-441.0,191.0
678,-439.0,191.0
679,-437.0,191.0
680,-435.0,191.0
681,-433.0,191.0
682,-431.0,191.0
683,-429.0,191.0
684,-427.0,191.0
685,-425.0,191.0
686,-423.0,191.0
687,-421.0,191.0
688,-419.0,191.0
689,-417.0,191.0
690,-415.0,191.0
691,-413.0,191.0
692,-413.0,193.0
693,-413.0,195.0
694,-415.0,195.0
695,-417.0,195.0
696,-419.0,195.0
697,-421.0,195.0
698,-423.0,195.0
699,-425.0,195.0
700,-427.0,195.0
701,-429.0,195.0
702,-431.0,195.0
703,-433.0,195.0
704,-435.0,195.0
705,-437.0,195.0
706,-439.0,195.0
707,-441.0,195.0
708,-443.0,195.0
709,-445.0,195.0
710,-447.0,195.0
711,-449.0,195.0
712,-451.0,195.0
713,-453.0,195.0
714,-455.0,195.0
715,-457.0,195.0
716,-459.0,195.0
717,-461.0,195.0
718,-463.0,195.0
719,-465.0,195.0
720,-467.0,195.0
721,-469.0,195.0
722,-471.0,195.0
723,-473.0,195.0
724,-475.0,195.0
725,-477.0,195.0
726,-479.0,195.0
727,-481.0,195.0
728,-483.0,195.0
729,-485.0,195.0
730,-487.0,195.0
731,-489.0,195.0
732,-491.0,195.0
733,-493.0,195.0
734,-495.0,195.0
735,-497.0,195.0
736,-499.0,195.0
737,-501.0,195.0
738,-503.0,195.0
739,-505.0,195.0
740,-507.0,195.0
741,-509.0,195.0
742,-511.0,195.0
743,-513.0,195.0
744,-515.0,195.0
745,-517.0,195.0
746,-519.0,195.0
747,-521.0,195.0
748,-523.0,195.0
749,-525.0,195.0
750,-527.0,195.0
751,-529.0,195.0
752,-531.0,195.0
753,-533.0,195.0
754,-535.0,195.0
755,-537.0,195.0
756,-539.0,195.0
757,-541.0,195.0
758,-543.0,195.0
759,-545.0,195.0
760,-547.0,195.0
761,-549.0,195.0
762,-551.0,195.0
763,-553.0,195.0
764,-555.0,195.0
765,-557.0,195.0
766,-559.0,195.0
767,-561.0,195.0
768,-561.0,197.0
769,-561.0,199.0
770,-559.0,199.0
771,-557.0,199.0
772,-555.0,199.0
773,-553.0,199.0
774,-551.0,199.0
775,-549.0,199.0
776,-547.0,199.0
777,-545.0,199.0
778,-543.0,199.0
779,-541.0,199.0
780,-539.0,199.0
781,-537.0,199.0
782,-535.0,199.0
783,-533.0,199.0
784,-531.0,199.0
785,-529.0,199.0
786,-527.0,199.0
787,-525.0,199.0
788,-523.0,199.0
789,-521.0,199.0
790,-519.0,199.0
791,-517.0,199.0
792,-515.0,199.0
793,-513.0,199.0
794,-511.0,199.0
795,-509.0,199.0
796,-507.0,199.0
797,-505.0,199.0
798,-503.0,199.0
799,-501.0,199.0
800,-499.0,199.0
801,-497.0,199.0
802,-495.0,199.0
803,-493.0,199.0
804,-491.0,199.0
805,-489.0,199.0
806,-487.0,199.0
807,-485.0,199.0
808,-483.0,199.0
809,-481.0,199.0
810,-479.0,199.0
811,-477.0,199.0
812,-475.0,199.0
813,-473.0,199.0
814,-471.0,199.0
815,-469.0,199.0
816,-467.0,199.0
817,-465.0,199.0
818,-463.0,199.0
819,-461.0,199.0
820,-459.0,199.0
821,-457.0,199.0
822,-455.0,199.0
823,-453.0,199.0
824,-451.0,199.0
825,-449.0,199.0
826,-447.0,199.0
827,-445.0,199.0
828,-443.0,199.0
829,-441.0,199.0
830,-439.0,199.0
831,-437.0,199.0
832,-435.0,199.0
833,-433.0,199.0
834,-431.0,199.0
835,-429.0,199.0
836,-427.0,199.0
837,-425.0,199.0
838,-423.0,199.0
839,-421.0,199.0
840,-419.0,199.0
841,-417.0,199.0
842,-415.0,199.0
843,-413.0,199.0
844,-413.0,201.0
845,-413.0,203.0
846,-415.0,203.0
847,-417.0,203.0
848,-419.0,203.0
849,-421.0,203.0
850,-423.0,203.0
851,-425.0,203.0
852,-427.0,203.0
853,-429.0,203.0
854,-431.0,203.0
855,-433.0,203.0
856,-435.0,203.0
857,-437.0,203.0
858,-439.0,203.0
859,-441.0,203.0
860,-443.0,203.0
861,-445.0,203.0
862,-447.0,203.0
863,-449.0,203.0
864,-451.0,203.0
865,-453.0,203.0
866,-455.0,203.0
867,-457.0,203.0
868,-459.0,203.0
869,-461.0,203.0
870,-463.0,203.0
871,-465.0,203.0
872,-467.0,203.0
873,-469.0,203.0
874,-471.0,203.0
875,-473.0,203.0
876,-475.0,203.0
877,-477.0,203.0
878,-479.0,203.0
879,-481.0,203.0
880,-483.0,203.0
881,-485.0,203.0
882,-487.0,203.0
883,-489.0,203.0
884,-491.0,203.0
885,-493.0,203.0
886,-495.0,203.0
887,-497.0,203.0
888,-499.0,203.0
889,-501.0,203.0
890,-503.0,203.0
891,-505.0,203.0
892,-507.0,203.0
893,-509.0,203.0
894,-511.0,203.0
895,-513.0,203.0
896,-515.0,203.0
897,-517.0,203.0
898,-519.0,203.0
899,-521.0,203.0
900,-523.0,203.0
901,-525.0,203.0
902,-527.0,203.0
903,-529.0,203.0
904,-531.0,203.0
905,-533.0,203.0
906,-535.0,203.0
907,-537.0,203.0
908,-539.0,203.0
909,-541.0,203.0
910,-543.0,203.0
911,-545.0,203.0
912,-547.0,203.0
913,-549.0,203.0
914,-551.0,203.0
915,-553.0,203.0
916,-555.0,203.0
917,-557.0,203.0
918,-559.0,203.0
919,-561.0,203.0
920,-561.0,205.0
921,-561.0,207.0
922,-559.0,207.0
923,-557.0,207.0
924,-555.0,207.0
925,-553.0,207.0
926,-551.0,207.0
927,-549.0,207.0
928,-547.0,207.0
929,-545.0,207.0
930,-543.0,207.0
931,-541.0,207.0
932,-539.0,207.0
933,-537.0,207.0
934,-535.0,207.0
935,-533.0,207.0
936,-531.0,207.0
937,-529.0,207.0
938,-527.0,207.0
939,-525.0,207.0
940,-523.0,207.0
941,-521.0,207.0
942,-519.0,207.0
943,-517.0,207.0
944,-515.0,207.0
945,-513.0,207.0
946,-511.0,207.0
947,-509.0,207.0
948,-507.0,207.0
949,-505.0,207.0
950,-503.0,207.0
951,-501.0,207.0
952,-499.0,207.0
953,-497.0,207.0
954,-495.0,207.0
955,-493.0,207.0
956,-491.0,207.0
957,-489.0,207.0
958,-487.0,207.0
959,-485.0,207.0
960,-483.0,207.0
961,-481.0,207.0
962,-479.0,207.0
963,-477.0,207.0
964,-475.0,207.0
965,-473.0,207.0
966,-471.0,207.0
967,-469.0,207.0
968,-467.0,207.0
969,-465.0,207.0
970,-463.0,207.0
971,-461.0,207.0
972,-459.0,207.0
973,-457.0,207.0
974,-455.0,207.0
975,-453.0,207.0
976,-451.0,207.0
977,-449.0,207.0
978,-447.0,207.0
979,-445.0,207.0
980,-443.0,207.0
981,-441.0,207.0
982,-439.0,207.0
983,-437.0,207.0
984,-435.0,207.0
985,-433.0,207.0
986,-431.0,207.0
987,-429.0,207.0
988,-427.0,207.0
989,-425.0,207.0
990,-423.0,207.0
991,-421.0,207.0
992,-419.0,207.0
993,-417.0,207.0
994,-415.0,207.0
995,-413.0,207.0
996,-413.0,209.0
997,-413.0,211.0
998,-415.0,211.0
999,-417.0,211.0
1000,-419.0,211.0
1001,-421.0,211.0
1002,-423.0,211.0
1003,-425.0,211.0
1004,-427.0,211.0
1005,-429.0,211.0
1006,-431.0,211.0
1007,-433.0,211.0
1008,-435.0,211.0
1009,-437.0,211.0
1010,-439.0,211.0
1011,-441.0,211.0
1012,-443.0,211.0
1013,-445.0,211.0
1014,-447.0,211.0
1015,-449.0,211.0
1016,-451.0,211.0
1017,-453.0,211.0
1018,-455.0,211.0
1019,-457.0,211.0
1020,-459.0,211.0
1021,-461.0,211.0
1022,-463.0,211.0
1023,-465.0,211.0
1024,-467.0,211.0
1025,-469.0,211.0
1026,-471.0,211.0
1027,-473.0,211.0
1028,-475.0,211.0
1029,-477.0,211.0
1030,-479.0,211.0
1031,-481.0,211.0
1032,-483.0,211.0
1033,-485.0,211.0
1034,-487.0,211.0
1035,-489.0,211.0
1036,-491.0,211.0
1037,-493.0,211.0
1038,-495.0,211.0
1039,-497.0,211.0
1040,-499.0,211.0
1041,-501.0,211.0
1042,-503.0,211.0
1043,-505.0,211.0
1044,-507.0,211.0
1045,-509.0,211.0
1046,-511.0,211.0
1047,-513.0,211.0
1048,-515.0,211.0
1049,-517.0,211.0
1050,-519.0,211.0
1051,-521.0,211.0
1052,-523.0,211.0
1053,-525.0,211.0
1054,-527.0,211.0
1055,-529.0,211.0
1056,-531.0,211.0
1057,-533.0,211.0
1058,-535.0,211.0
1059,-537.0,211.0
1060,-539.0,211.0
1061,-541.0,211.0
1062,-543.0,211.0
1063,-545.0,211.0
1064,-547.0,211.0
1065,-549.0,211.0
1066,-551.0,211.0
1067,-553.0,211.0
1068,-555.0,211.0
1069,-557.0,211.0
1070,-559.0,211.0
1071,-561.0,211.0
1072,-561.0,213.0
1073,-561.0,215.0
1074,-559.0,215.0
1075,-557.0,215.0
1076,-555.0,215.0
1077,-553.0,215.0
1078,-551.0,215.0
1079,-549.0,215.0
1080,-547.0,215.0
1081,-545.0,215.0
1082,-543.0,215.0
1083,-541.0,215.0
1084,-539.0,215.0
1085,-537.0,215.0
1086,-535.0,215.0
1087,-533.0,215.0
1088,-531.0,215.0
1089,-529.0,215.0
1090,-527.0,215.0
1091,-525.0,215.0
1092,-523.0,215.0
1093,-521.0,215.0
1094,-519.0,215.0
1095,-517.0,215.0
1096,-515.0,215.0
1097,-513.0,215.0
1098,-511.0,215.0
1099,-509.0,215.0
1100,-507.0,215.0
1101,-505.0,215.0
1102,-503.0,215.0
1103,-501.0,215.0
1104,-499.0,215.0
1105,-497.0,215.0
1106,-495.0,215.0
1107,-493.0,215.0
1108,-491.0,215.0
1109,-489.0,215.0
1110,-487.0,215.0
1111,-485.0,215.0
1112,-483.0,215.0
1113,-481.0,215.0
1114,-479.0,215.0
1115,-477.0,215.0
1116,-475.0,215.0
1117,-473.0,215.0
1118,-471.0,215.0
1119,-469.0,215.0
1120,-467.0,215.0
1121,-465.0,215.0
1122,-463.0,215.0
1123,-461.0,215.0
1124,-459.0,215.0
1125,-457.0,215.0
1126,-455.0,215.0
1127,-453.0,215.0
1128,-451.0,215.0
1129,-449.0,215.0
1130,-447.0,215.0
1131,-445.0,215.0
1132,-443.0,215.0
1133,-441.0,215.0
1134,-439.0,215.0
1135,-437.0,215.0
1136,-435.0,215.0
1137,-433.0,215.0
1138,-431.0,215.0
1139,-429.0,215.0
1140,-427.0,215.0
1141,-425.0,215.0
1142,-423.0,215.0
1143,-421.0,215.0
1144,-419.0,215.0
1145,-417.0,215.0
1146,-415.0,215.0
1147,-413.0,215.0
1148,-413.0,217.0
1149,-413.0,219.0
1150,-415.0,219.0
1151,-417.0,219.0
1152,-419.0,219.0
1153,-421.0,219.0
1154,-423.0,219.0
1155,-425.0,219.0
1156,-427.0,219.0
1157,-429.0,219.0
1158,-431.0,219.0
1159,-433.0,219.0
1160,-435.0,219.0
1161,-437.0,219.0
1162,-439.0,219.0
1163,-441.0,219.0
1164,-443.0,219.0
1165,-445.0,219.0
1166,-447.0,219.0
1167,-449.0,219.0
1168,-451.0,219.0
1169,-453.0,219.0
1170,-455.0,219.0
1171,-457.0,219.0
1172,-459.0,219.0
1173,-461.0,219.0
1174,-463.0,219.0
1175,-465.0,219.0
1176,-467.0,219.0
1177,-469.0,219.0
1178,-471.0,219.0
1179,-473.0,219.0
1180,-475.0,219.0
1181,-477.0,219.0
1182,-479.0,219.0
1183,-481.0,219.0
1184,-483.0,219.0
1185,-485.0,219.0
1186,-487.0,219.0
1187,-489.0,219.0
1188,-491.0,219.0
1189,-493.0,219.0
1190,-495.0,219.0
1191,-497.0,219.0
1192,-499.0,219.0
1193,-501.0,219.0
1194,-503.0,219.0
1195,-505.0,219.0
1196,-507.0,219.0
1197,-509.0,219.0
1198,-511.0,219.0
1199,-513.0,219.0
1200,-515.0,219.0
1201,-517.0,219.0
1202,-519.0,219.0
1203,-521.0,219.0
1204,-523.0,219.0
1205,-525.0,219.0
1206,-527.0,219.0
1207,-529.0,219.0
1208,-531.0,219.0
1209,-533.0,219.0
1210,-535.0,219.0
1211,-537.0,219.0
1212,-539.0,219.0
1213,-541.0,219.0
1214,-543.0,219.0
1215,-545.0,219.0
1216,-547.0,219.0
1217,-549.0,219.0
1218,-551.0,219.0
1219,-553.0,219.0
1220,-555.0,219.0
1221,-557.0,219.0
1222,-559.0,219.0
1223,-561.0,219.0
1224,-561.0,221.0
1225,-561.0,223.0
1226,-559.0,223.0
1227,-557.0,223.0
1228,-555.0,223.0
1229,-553.0,223.0
1230,-551.0,223.0
1231,-549.0,223.0
1232,-547.0,223.0
1233,-545.0,223.0
1234,-543.0,223.0
1235,-541.0,223.0
1236,-539.0,223.0
1237,-537.0,223.0
1238,-535.0,223.0
1239,-533.0,223.0
1240,-531.0,223.0
1241,-529.0,223.0
1242,-527.0,223.0
1243,-525.0,223.0
1244,-523.0,223.0
1245,-521.0,223.0
1246,-519.0,223.0
1247,-517.0,223.0
1248,-515.0,223.0
1249,-513.0,223.0
1250,-511.0,223.0
1251,-509.0,223.0
1252,-507.0,223.0
1253,-505.0,223.0
1254,-503.0,223.0
1255,-501.0,223.0
1256,-499.0,223.0
1257,-497.0,223.0
1258,-495.0,223.0
1259,-493.0,223.0
1260,-491.0,223.0
1261,-489.0,223.0
1262,-487.0,223.0
1263,-485.0,223.0
1264,-483.0,223.0
1265,-481.0,223.0
1266,-479.0,223.0
1267,-477.0,223.0
1268,-475.0,223.0
1269,-473.0,223.0
1270,-471.0,223.0
1271,-469.0,223.0
1272,-467.0,223.0
1273,-465.0,223.0
1274,-463.0,223.0
1275,-461.0,223.0
1276,-459.0,223.0
1277,-457.0,223.0
1278,-455.0,223.0
1279,-453.0,223.0
1280,-451.0,223.0
1281,-449.0,223.0
1282,-447.0,223.0
1283,-445.0,223.0
1284,-443.0,223.0
1285,-441.0,223.0
1286,-439.0,223.0
1287,-437.0,223.0
1288,-435.0,223.0
1289,-433.0,223.0
1290,-431.0,223.0
1291,-429.0,223.0
1292,-427.0,223.0
1293,-425.0,223.0
1294,-423.0,223.0
1295,-421.0,223.0
1296,-419.0,223.0
1297,-417.0,223.0
1298,-415.0,223.0
1299,-413.0,223.0
1300,-413.0,225.0
1301,-413.0,227.0
1302,-415.0,227.0
1303,-417.0,227.0
1304,-419.0,227.0
1305,-421.0,227.0
1306,-423.0,227.0
1307,-425.0,227.0
1308,-427.0,227.0
1309,-429.0,227.0
1310,-431.0,227.0
1311,-433.0,227.0
1312,-435.0,227.0
1313,-437.0,227.0
1314,-439.0,227.0
1315,-441.0,227.0
1316,-443.0,227.0
1317,-445.0,227.0
1318,-447.0,227.0
1319,-449.0,227.0
1320,-451.0,227.0
1321,-453.0,227.0
1322,-455.0,227.0
1323,-457.0,227.0
1324,-459.0,227.0
1325,-461.0,227.0
1326,-463.0,227.0
1327,-465.0,227.0
1328,-467.0,227.0
1329,-469.0,227.0
1330,-471.0,227.0
1331,-473.0,227.0
1332,-475.0,227.0
1333,-477.0,227.0
1334,-479.0,227.0
1335,-481.0,227.0
1336,-483.0,227.0
1337,-485.0,227.0
1338,-487.0,227.0
1339,-489.0,227.0
1340,-491.0,227.0
1341,-493.0,227.0
1342,-495.0,227.0
1343,-497.0,227.0
1344,-499.0,227.0
1345,-501.0,227.0
1346,-503.0,227.0
1347,-505.0,227.0
1348,-507.0,227.0
1349,-509.0,227.0
1350,-511.0,227.0
1351,-513.0,227.0
1352,-515.0,227.0
1353,-517.0,227.0
1354,-519.0,227.0
1355,-521.0,227.0
1356,-523.0,227.0
1357,-525.0,227.0
1358,-527.0,227.0
1359,-529.0,227.0
1360,-531.0,227.0
1361,-533.0,227.0
1362,-535.0,227.0
1363,-537.0,227.0
1364,-539.0,227.0
1365,-541.0,227.0
1366,-543.0,227.0
1367,-545.0,227.0
1368,-547.0,227.0
1369,-549.0,227.0
1370,-551.0,227.0
1371,-553.0,227.0
1372,-555.0,227.0
1373,-557.0,227.0
1374,-559.0,227.0
1375,-561.0,227.0
1376,-561.0,229.0
1377,-561.0,231.0
1378,-559.0,231.0
1379,-557.0,231.0
1380,-555.0,231.0
1381,-553.0,231.0
1382,-551.0,231.0
1383,-549.0,231.0
1384,-547.0,231.0
1385,-545.0,231.0
1386,-543.0,231.0
1387,-541.0,231.0
1388,-539.0,231.0
1389,-537.0,231.0
1390,-535.0,231.0
1391,-533.0,231.0
1392,-531.0,231.0
1393,-529.0,231.0
1394,-527.0,231.0
1395,-525.0,231.0
1396,-523.0,231.0
1397,-521.0,231.0
1398,-519.0,231.0
1399,-517.0,231.0
1400,-515.0,231.0
1401,-513.0,231.0
1402,-511.0,231.0
1403,-509.0,231.0
1404,-507.0,231.0
1405,-505.0,231.0
1406,-503.0,231.0
1407,-501.0,231.0
1408,-499.0,231.0
1409,-497.0,231.0
1410,-495.0,231.0
1411,-493.0,231.0
1412,-491.0,231.0
1413,-489.0,231.0
1414,-487.0,231.0
1415,-485.0,231.0
1416,-483.0,231.0
1417,-481.0,231.0
1418,-479.0,231.0
1419,-477.0,231.0
1420,-475.0,231.0
1421,-473.0,231.0
1422,-471.0,231.0
1423,-469.0,231.0
1424,-467.0,231.0
1425,-465.0,231.0
1426,-463.0,231.0
1427,-461.0,231.0
1428,-459.0,231.0
1429,-457.0,231.0
1430,-455.0,231.0
1431,-453.0,231.0
1432,-451.0,231.0
1433,-449.0,231.0
1434,-447.0,231.0
1435,-445.0,231.0
1436,-443.0,231.0
1437,-441.0,231.0
1438,-439.0,231.0
1439,-437.0,231.0
1440,-435.0,231.0
1441,-433.0,231.0
1442,-431.0,231.0
1443,-429.0,231.0
1444,-427.0,231.0
1445,-425.0,231.0
1446,-423.0,231.0
1447,-421.0,231.0
1448,-419.0,231.0
1449,-417.0,231.0
1450,-415.0,231.0
1451,-413.0,231.0
1452,-413.0,233.0
1453,-413.0,235.0
1454,-415.0,235.0
1455,-417.0,235.0
1456,-419.0,235.0
1457,-421.0,235.0
1458,-423.0,235.0
1459,-425.0,235.0
1460,-427.0,235.0
1461,-429.0,235.0
1462,-431.0,235.0
1463,-433.0,235.0
1464,-435.0,235.0
1465,-437.0,235.0
1466,-439.0,235.0
1467,-441.0,235.0
1468,-443.0,235.0
1469,-445.0,235.0
1470,-447.0,235.0
1471,-449.0,235.0
1472,-451.0,235.0
1473,-453.0,235.0
1474,-455.0,235.0
1475,-457.0,235.0
1476,-459.0,235.0
1477,-461.0,235.0
1478,-463.0,235.0
1479,-465.0,235.0
1480,-467.0,235.0
1481,-469.0,235.0
1482,-471.0,235.0
1483,-473.0,235.0
1484,-475.0,235.0
1485,-477.0,235.0
1486,-479.0,235.0
1487,-481.0,235.0
1488,-483.0,235.0
1489,-485.0,235.0
1490,-487.0,235.0
1491,-489.0,235.0
1492,-491.0,235.0
1493,-493.0,235.0
1494,-495.0,235.0
1495,-497.0,235.0
1496,-499.0,235.0
1497,-501.0,235.0
1498,-503.0,235.0
1499,-505.0,235.0
1500,-507.0,235.0
1501,-509.0,235.0
1502,-511.0,235.0
1503,-513.0,235.0
1504,-515.0,235.0
1505,-517.0,235.0
1506,-519.0,235.0
1507,-521.0,235.0
1508,-523.0,235.0
1509,-525.0,235.0
1510,-527.0,235.0
1511,-529.0,235.0
1512,-531.0,235.0
1513,-533.0,235.0
1514,-535.0,235.0
1515,-537.0,235.0
1516,-539.0,235.0
1517,-541.0,235.0
1518,-543.0,235.0
1519,-545.0,235.0
1520,-547.0,235.0
1521,-549.0,235.0
1522,-551.0,235.0
1523,-553.0,235.0
1524,-555.0,235.0
1525,-557.0,235.0
1526,-559.0,235.0
1527,-561.0,235.0
1528,-561.0,237.0
1529,-561.0,239.0
1530,-559.0,239.0
1531,-557.0,239.0
1532,-555.0,239.0
1533,-553.0,239.0
1534,-551.0,239.0
1535,-549.0,239.0
1536,-547.0,239.0
1537,-545.0,239.0
1538,-543.0,239.0
1539,-541.0,239.0
1540,-539.0,239.0
1541,-537.0,239.0
1542,-535.0,239.0
1543,-533.0,239.0
1544,-531.0,239.0
1545,-529.0,239.0
1546,-527.0,239.0
1547,-525.0,239.0
1548,-523.0,239.0
1549,-521.0,239.0
1550,-519.0,239.0
1551,-517.0,239.0
1552,-515.0,239.0
1553,-513.0,239.0
1554,-511.0,239.0
1555,-509.0,239.0
1556,-507.0,239.0
1557,-505.0,239.0
1558,-503.0,239.0
1559,-501.0,239.0
1560,-499.0,239.0
1561,-497.0,239.0
1562,-495.0,239.0
1563,-493.0,239.0
1564,-491.0,239.0
1565,-489.0,239.0
1566,-487.0,239.0
1567,-485.0,239.0
1568,-483.0,239.0
1569,-481.0,239.0
1570,-479.0,239.0
1571,-477.0,239.0
1572,-475.0,239.0
1573,-473.0,239.0
1574,-471.0,239.0
1575,-469.0,239.0
1576,-467.0,239.0
1577,-465.0,239.0
1578,-463.0,239.0
1579,-461.0,239.0
1580,-459.0,239.0
1581,-457.0,239.0
1582,-455.0,239.0
1583,-453.0,239.0
1584,-451.0,239.0
1585,-449.0,239.0
1586,-447.0,239.0
1587,-445.0,239.0
1588,-443.0,239.0
1589,-441.0,239.0
1590,-439.0,239.0
1591,-437.0,239.0
1592,-435.0,239.0
1593,-433.0,239.0
1594,-431.0,239.0
1595,-429.0,239.0
1596,-427.0,239.0
1597,-425.0,239.0
1598,-423.0,239.0
1599,-421.0,239.0
1600,-419.0,239.0
1601,-417.0,239.0
1602,-415.0,239.0
1603,-413.0,239.0
1604,-413.0,241.0
1605,-413.0,243.0
1606,-415.0,243.0
1607,-417.0,243.0
1608,-419.0,243.0
1609,-421.0,243.0
1610,-423.0,243.0
1611,-425.0,243.0
1612,-427.0,243.0
1613,-429.0,243.0
1614,-431.0,243.0
1615,-433.0,243.0
1616,-435.0,243.0
1617,-437.0,243.0
1618,-439.0,243.0
1619,-441.0,243.0
1620,-443.0,243.0
1621,-445.0,243.0
1622,-447.0,243.0
1623,-449.0,243.0
1624,-451.0,243.0
1625,-453.0,243.0
1626,-455.0,243.0
1627,-457.0,243.0
1628,-459.0,243.0
1629,-461.0,243.0
1630,-463.0,243.0
1631,-465.0,243.0
1632,-467.0,243.0
1633,-469.0,243.0
1634,-471.0,243.0
1635,-473.0,243.0
1636,-475.0,243.0
1637,-477.0,243.0
1638,-479.0,243.0
1639,-481.0,243.0
1640,-483.0,243.0
1641,-485.0,243.0
1642,-487.0,243.0
1643,-489.0,243.0
1644,-491.0,243.0
1645,-493.0,243.0
1646,-495.0,243.0
1647,-497.0,243.0
1648,-499.0,243.0
1649,-501.0,243.0
1650,-503.0,243.0
1651,-505.0,243.0
1652,-507.0,243.0
1653,-509.0,243.0
1654,-511.0,243.0
1655,-513.0,243.0
1656,-515.0,243.0
1657,-517.0,243.0
1658,-519.0,243.0
1659,-521.0,243.0
1660,-523.0,243.0
1661,-525.0,243.0
1662,-527.0,243.0
1663,-529.0,243.0
1664,-531.0,243.0
1665,-533.0,243.0
1666,-535.0,243.0
1667,-537.0,243.0
1668,-539.0,243.0
1669,-541.0,243.0
1670,-543.0,243.0
1671,-545.0,243.0
1672,-547.0,243.0
1673,-549.0,243.0
1674,-551.0,243.0
1675,-553.0,243.0
1676,-555.0,243.0
1677,-557.0,243.0
1678,-559.0,243.0
1679,-561.0,243.0
1680,-561.0,245.0
1681,-561.0,247.0
1682,-559.0,247.0
1683,-557.0,247.0
1684,-555.0,247.0
1685,-553.0,247.0
1686,-551.0,247.0
1687,-549.0,247.0
1688,-547.0,247.0
1689,-545.0,247.0
1690,-543.0,247.0
1691,-541.0,247.0
1692,-539.0,247.0
1693,-537.0,247.0
1694,-535.0,247.0
1695,-533.0,247.0
1696,-531.0,247.0
1697,-529.0,247.0
1698,-527.0,247.0
1699,-525.0,247.0
1700,-523.0,247.0
1701,-521.0,247.0
1702,-519.0,247.0
1703,-517.0,247.0
1704,-515.0,247.0
1705,-513.0,247.0
1706,-511.0,247.0
1707,-509.0,247.0
1708,-507.0,247.0
1709,-505.0,247.0
1710,-503.0,247.0
1711,-501.0,247.0
1712,-499.0,247.0
1713,-497.0,247.0
1714,-495.0,247.0
1715,-493.0,247.0
1716,-491.0,247.0
1717,-489.0,247.0
1718,-487.0,247.0
1719,-485.0,247.0
1720,-483.0,247.0
1721,-481.0,247.0
1722,-479.0,247.0
1723,-477.0,247.0
1724,-475.0,247.0
1725,-473.0,247.0
1726,-471.0,247.0
1727,-469.0,247.0
1728,-467.0,247.0
1729,-465.0,247.0
1730,-463.0,247.0
1731,-461.0,247.0
1732,-459.0,247.0
1733,-457.0,247.0
1734,-455.0,247.0
1735,-453.0,247.0
1736,-451.0,247.0
1737,-449.0,247.0
1738,-447.0,247.0
1739,-445.0,247.0
1740,-443.0,247.0
1741,-441.0,247.0
1742,-439.0,247.0
1743,-437.0,247.0
1744,-435.0,247.0
1745,-433.0,247.0
1746,-431.0,247.0
1747,-429.0,247.0
1748,-427.0,247.0
1749,-425.0,247.0
1750,-423.0,247.0
1751,-421.0,247.0
1752,-419.0,247.0
1753,-417.0,247.0
1754,-415.0,247.0
1755,-413.0,247.0
1756,-413.0,249.0
1757,-413.0,251.0
1758,-415.0,251.0
1759,-417.0,251.0
1760,-419.0,251.0
1761,-421.0,251.0
1762,-423.0,251.0
1763,-425.0,251.0
1764,-427.0,251.0
1765,-429.0,251.0
1766,-431.0,251.0
1767,-433.0,251.0
1768,-435.0,251.0
1769,-437.0,251.0
1770,-439.0,251.0
1771,-441.0,251.0
1772,-443.0,251.0
1773,-445.0,251.0
1774,-447.0,251.0
1775,-449.0,251.0
1776,-451.0,251.0
1777,-453.0,251.0
1778,-455.0,251.0
1779,-457.0,251.0
1780,-459.0,251.0
1781,-461.0,251.0
1782,-463.0,251.0
1783,-465.0,251.0
1784,-467.0,251.0
1785,-469.0,251.0
1786,-471.0,251.0
1787,-473.0,251.0
1788,-475.0,251.0
1789,-477.0,251.0
1790,-479.0,251.0
1791,-481.0,251.0
1792,-483.0,251.0
1793,-485.0,251.0
1794,-487.0,251.0
1795,-489.0,251.0
1796,-491.0,251.0
1797,-493.0,251.0
1798,-495.0,251.0
1799,-497.0,251.0
1800,-499.0,251.0
1801,-501.0,251.0
1802,-503.0,251.0
1803,-505.0,251.0
1804,-507.0,251.0
1805,-509.0,251.0
1806,-511.0,251.0
1807,-513.0,251.0
1808,-515.0,251.0
1809,-517.0,251.0
1810,-519.0,251.0
1811,-521.0,251.0
1812,-523.0,251.0
1813,-525.0,251.0
1814,-527.0,251.0
1815,-529.0,251.0
1816,-531.0,251.0
1817,-533.0,251.0
1818,-535.0,251.0
1819,-537.0,251.0
1820,-539.0,251.0
1821,-541.0,251.0
1822,-543.0,251.0
1823,-545.0,251.0
1824,-547.0,251.0
1825,-549.0,251.0
1826,-551.0,251.0
1827,-553.0,251.0
1828,-555.0,251.0
1829,-557.0,251.0
1830,-559.0,251.0
1831,-561.0,251.0
1832,-561.0,253.0
1833,-561.0,255.0
1834,-559.0,255.0
1835,-557.0,255.0
1836,-555.0,255.0
1837,-553.0,255.0
1838,-551.0,255.0
1839,-549.0,255.0
1840,-547.0,255.0
1841,-545.0,255.0
1842,-543.0,255.0
1843,-541.0,255.0
1844,-539.0,255.0
1845,-537.0,255.0
1846,-535.0,255.0
1847,-533.0,255.0
1848,-531.0,255.0
1849,-529.0,255.0
1850,-527.0,255.0
1851,-525.0,255.0
1852,-523.0,255.0
1853,-521.0,255.0
1854,-519.0,255.0
1855,-517.0,255.0
1856,-515.0,255.0
1857,-513.0,255.0
1858,-511.0,255.0
1859,-509.0,255.0
1860,-507.0,255.0
1861,-505.0,255.0
1862,-503.0,255.0
1863,-501.0,255.0
1864,-499.0,255.0
1865,-497.0,255.0
1866,-495.0,255.0
1867,-493.0,255.0
1868,-491.0,255.0
1869,-489.0,255.0
1870,-487.0,255.0
1871,-485.0,255.0
1872,-483.0,255.0
1873,-481.0,255.0
1874,-479.0,255.0
1875,-477.0,255.0
1876,-475.0,255.0
1877,-473.0,255.0
1878,-471.0,255.0
1879,-469.0,255.0
1880,-467.0,255.0
1881,-465.0,255.0
1882,-463.0,255.0
1883,-461.0,255.0
1884,-459.0,255.0
1885,-457.0,255.0
1886,-455.0,255.0
1887,-453.0,255.0
1888,-451.0,255.0
1889,-449.0,255.0
1890,-447.0,255.0
1891,-445.0,255.0
1892,-443.0,255.0
1893,-441.0,255.0
1894,-439.0,255.0
1895,-437.0,255.0
1896,-435.0,255.0
1897,-433.0,255.0
1898,-431.0,255.0
1899,-429.0,255.0
1900,-427.0,255.0
1901,-425.0,255.0
1902,-423.0,255.0
1903,-421.0,255.0
1904,-419.0,255.0
1905,-417.0,255.0
1906,-415.0,255.0
1907,-413.0,255.0
1908,-413.0,257.0
1909,-413.0,259.0
1910,-415.0,259.0
1911,-417.0,259.0
1912,-419.0,259.0
1913,-421.0,259.0
1914,-423.0,259.0
1915,-425.0,259.0
1916,-427.0,259.0
1917,-429.0,259.0
1918,-431.0,259.0
1919,-433.0,259.0
1920,-435.0,259.0
1921,-437.0,259.0
1922,-439.0,259.0
1923,-441.0,259.0
1924,-443.0,259.0
1925,-445.0,259.0
1926,-447.0,259.0
1927,-449.0,259.0
1928,-451.0,259.0
1929,-453.0,259.0
1930,-455.0,259.0
1931,-457.0,259.0
1932,-459.0,259.0
1933,-461.0,259.0
1934,-463.0,259.0
1935,-465.0,259.0
1936,-467.0,259.0
1937,-469.0,259.0
1938,-471.0,259.0
1939,-473.0,259.0
1940,-475.0,259.0
1941,-477.0,259.0
1942,-479.0,259.0
1943,-481.0,259.0
1944,-483.0,259.0
1945,-485.0,259.0
1946,-487.0,259.0
1947,-489.0,259.0
1948,-491.0,259.0
1949,-493.0,259.0
1950,-495.0,259.0
1951,-497.0,259.0
1952,-499.0,259.0
1953,-501.0,259.0
1954,-503.0,259.0
1955,-505.0,259.0
1956,-507.0,259.0
1957,-509.0,259.0
1958,-511.0,259.0
1959,-513.0,259.0
1960,-515.0,259.0
1961,-517.0,259.0
1962,-519.0,259.0
1963,-521.0,259.0
1964,-523.0,259.0
1965,-525.0,259.0
1966,-527.0,259.0
1967,-529.0,259.0
1968,-531.0,259.0
1969,-533.0,259.0
1970,-535.0,259.0
1971,-537.0,259.0
1972,-539.0,259.0
1973,-541.0,259.0
1974,-543.0,259.0
1975,-545.0,259.0
1976,-547.0,259.0
1977,-549.0,259.0
1978,-551.0,259.0
1979,-553.0,259.0
1980,-555.0,259.0
1981,-557.0,259.0
1982,-559.0,259.0
1983,-561.0,259.0
1984,-561.0,261.0
1985,-561.0,263.0
1986,-559.0,263.0
1987,-557.0,263.0
1988,-555.0,263.0
1989,-553.0,263.0
1990,-551.0,263.0
1991,-549.0,263.0
1992,-547.0,263.0
1993,-545.0,263.0
1994,-543.0,263.0
1995,-541.0,263.0
1996,-539.0,263.0
1997,-537.0,263.0
1998,-535.0,263.0
1999,-533.0,263.0
2000,-531.0,263.0
2001,-529.0,263.0
2002,-527.0,263.0
2003,-525.0,263.0
2004,-523.0,263.0
2005,-521.0,263.0
2006,-519.0,263.0
2007,-517.0,263.0
2008,-515.0,263.0
2009,-513.0,263.0
2010,-511.0,263.0
2011,-509.0,263.0
2012,-507.0,263.0
2013,-505.0,263.0
2014,-503.0,263.0
2015,-501.0,263.0
2016,-499.0,263.0
2017,-497.0,263.0
2018,-495.0,263.0
2019,-493.0,263.0
2020,-491.0,263.0
2021,-489.0,263.0
2022,-487.0,263.0
2023,-485.0,263.0
2024,-483.0,263.0
2025,-481.0,263.0
2026,-479.0,263.0
2027,-477.0,263.0
2028,-475.0,263.0
2029,-473.0,263.0
2030,-471.0,263.0
2031,-469.0,263.0
2032,-467.0,263.0
2033,-465.0,263.0
2034,-463.0,263.0
2035,-461.0,263.0
2036,-459.0,263.0
2037,-457.0,263.0
2038,-455.0,263.0
2039,-453.0,263.0
2040,-451.0,263.0
2041,-449.0,263.0
2042,-447.0,263.0
2043,-445.0,263.0
2044,-443.0,263.0
2045,-441.0,263.0
2046,-439.0,263.0
2047,-437.0,263.0
2048,-435.0,263.0
2049,-433.0,263.0
2050,-431.0,263.0
2051,-429.0,263.0
2052,-427.0,263.0
2053,-425.0,263.0
2054,-423.0,263.0
2055,-421.0,263.0
2056,-419.0,263.0
2057,-417.0,263.0
2058,-415.0,263.0
2059,-413.0,263.0
2060,-413.0,265.0
2061,-413.0,267.0
2062,-415.0,267.0
2063,-417.0,267.0
2064,-419.0,267.0
2065,-421.0,267.0
2066,-423.0,267.0
2067,-425.0,267.0
2068,-427.0,267.0
2069,-429.0,267.0
2070,-431.0,267.0
2071,-433.0,267.0
2072,-435.0,267.0
2073,-437.0,267.0
2074,-439.0,267.0
2075,-441.0,267.0
2076,-443.0,267.0
2077,-445.0,267.0
2078,-447.0,267.0
2079,-449.0,267.0
2080,-451.0,267.0
2081,-453.0,267.0
2082,-455.0,267.0
2083,-457.0,267.0
2084,-459.0,267.0
2085,-461.0,267.0
2086,-463.0,267.0
2087,-465.0,267.0
2088,-467.0,267.0
2089,-469.0,267.0
2090,-471.0,267.0
2091,-473.0,267.0
2092,-475.0,267.0
2093,-477.0,267.0
2094,-479.0,267.0
2095,-481.0,267.0
2096,-483.0,267.0
2097,-485.0,267.0
2098,-487.0,267.0
2099,-489.0,267.0
2100,-491.0,267.0
2101,-493.0,267.0
2102,-495.0,267.0
2103,-497.0,267.0
2104,-499.0,267.0
2105,-501.0,267.0
2106,-503.0,267.0
2107,-505.0,267.0
2108,-507.0,267.0
2109,-509.0,267.0
2110,-511.0,267.0
2111,-513.0,267.0
2112,-515.0,267.0
2113,-517.0,267.0
2114,-519.0,267.0
2115,-521.0,267.0
2116,-523.0,267.0
2117,-525.0,267.0
2118,-527.0,267.0
2119,-529.0,267.0
2120,-531.0,267.0
2121,-533.0,267.0
2122,-535.0,267.0
2123,-537.0,267.0
2124,-539.0,267.0
2125,-541.0,267.0
2126,-543.0,267.0
2127,-545.0,267.0
2128,-547.0,267.0
2129,-549.0,267.0
2130,-551.0,267.0
2131,-553.0,267.0
2132,-555.0,267.0
2133,-557.0,267.0
2134,-559.0,267.0
2135,-561.0,267.0
2136,-561.0,269.0
2137,-561.0,271.0
2138,-559.0,271.0
2139,-557.0,271.0
2140,-555.0,271.0
2141,-553.0,271.0
2142,-551.0,271.0
2143,-549.0,271.0
2144,-547.0,271.0
2145,-545.0,271.0
2146,-543.0,271.0
2147,-541.0,271.0
2148,-539.0,271.0
2149,-537.0,271.0
2150,-535.0,271.0
2151,-533.0,271.0
2152,-531.0,271.0
2153,-529.0,271.0
2154,-527.0,271.0
2155,-525.0,271.0
2156,-523.0,271.0
2157,-521.0,271.0
2158,-519.0,271.0
2159,-517.0,271.0
2160,-515.0,271.0
2161,-513.0,271.0
2162,-511.0,271.0
2163,-509.0,271.0
2164,-507.0,271.0
2165,-505.0,271.0
2166,-503.0,271.0
2167,-501.0,271.0
2168,-499.0,271.0
2169,-497.0,271.0
2170,-495.0,271.0
2171,-493.0,271.0
2172,-491.0,271.0
2173,-489.0,271.0
2174,-487.0,271.0
2175,-485.0,271.0
2176,-483.0,271.0
2177,-481.0,271.0
2178,-479.0,271.0
2179,-477.0,271.0
2180,-475.0,271.0
2181,-473.0,271.0
2182,-471.0,271.0
2183,-469.0,271.0
2184,-467.0,271.0
2185,-465.0,271.0
2186,-463.0,271.0
2187,-461.0,271.0
2188,-459.0,271.0
2189,-457.0,271.0
2190,-455.0,271.0
2191,-453.0,271.0
2192,-451.0,271.0
2193,-449.0,271.0
2194,-447.0,271.0
2195,-445.0,271.0
2196,-443.0,271.0
2197,-441.0,271.0
2198,-439.0,271.0
2199,-437.0,271.0
2200,-435.0,271.0
2201,-433.0,271.0
2202,-431.0,271.0
2203,-429.0,271.0
2204,-427.0,271.0
2205,-425.0,271.0
2206,-423.0,271.0
2207,-421.0,271.0
2208,-419.0,271.0
2209,-417.0,271.0
2210,-415.0,271.0
2211,-413.0,271.0
2212,-413.0,273.0
2213,-413.0,275.0
2214,-415.0,275.0
2215,-417.0,275.0
2216,-419.0,275.0
2217,-421.0,275.0
2218,-423.0,275.0
2219,-425.0,275.0
2220,-427.0,275.0
2221,-429.0,275.0
2222,-431.0,275.0
2223,-433.0,275.0
2224,-435.0,275.0
2225,-437.0,275.0
2226,-439.0,275.0
2227,-441.0,275.0
2228,-443.0,275.0
2229,-445.0,275.0
2230,-447.0,275.0
2231,-449.0,275.0
2232,-451.0,275.0
2233,-453.0,275.0
2234,-455.0,275.0
2235,-457.0,275.0
2236,-459.0,275.0
2237,-461.0,275.0
2238,-463.0,275.0
2239,-465.0,275.0
2240,-467.0,275.0
2241,-469.0,275.0
2242,-471.0,275.0
2243,-473.0,275.0
2244,-475.0,275.0
2245,-477.0,275.0
2246,-479.0,275.0
2247,-481.0,275.0
2248,-483.0,275.0
2249,-485.0,275.0
2250,-487.0,275.0
2251,-489.0,275.0
2252,-491.0,275.0
2253,-493.0,275.0
2254,-495.0,275.0
2255,-497.0,275.0
2256,-499.0,275.0
2257,-501.0,275.0
2258,-503.0,275.0
2259,-505.0,275.0
2260,-507.0,275.0
2261,-509.0,275.0
2262,-511.0,275.0
2263,-513.0,275.0
2264,-515.0,275.0
2265,-517.0,275.0
2266,-519.0,275.0
2267,-521.0,275.0
2268,-523.0,275.0
2269,-525.0,275.0
2270,-527.0,275.0
2271,-529.0,275.0
2272,-531.0,275.0
2273,-533.0,275.0
2274,-535.0,275.0
2275,-537.0,275.0
2276,-539.0,275.0
2277,-541.0,275.0
2278,-543.0,275.0
2279,-545.0,275.0
2280,-547.0,275.0
2281,-549.0,275.0
2282,-551.0,275.0
2283,-553.0,275.0
2284,-555.0,275.0
2285,-557.0,275.0
2286,-559.0,275.0
2287,-561.0,275.0
2288,-561.0,277.0
2289,-561.0,279.0
2290,-559.0,279.0
2291,-557.0,279.0
2292,-555.0,279.0
2293,-553.0,279.0
2294,-551.0,279.0
2295,-549.0,279.0
2296,-547.0,279.0
2297,-545.0,279.0
2298,-543.0,279.0
2299,-541.0,279.0
2300,-539.0,279.0
2301,-537.0,279.0
2302,-535.0,279.0
2303,-533.0,279.0
2304,-531.0,279.0
2305,-529.0,279.0
2306,-527.0,279.0
2307,-525.0,279.0
2308,-523.0,279.0
2309,-521.0,279.0
2310,-519.0,279.0
2311,-517.0,279.0
2312,-515.0,279.0
2313,-513.0,279.0
2314,-511.0,279.0
2315,-509.0,279.0
2316,-507.0,279.0
2317,-505.0,279.0
2318,-503.0,279.0
2319,-501.0,279.0
2320,-499.0,279.0
2321,-497.0,279.0
2322,-495.0,279.0
2323,-493.0,279.0
2324,-491.0,279.0
2325,-489.0,279.0
2326,-487.0,279.0
2327,-485.0,279.0
2328,-483.0,279.0
2329,-481.0,279.0
2330,-479.0,279.0
2331,-477.0,279.0
2332,-475.0,279.0
2333,-473.0,279.0
2334,-471.0,279.0
2335,-469.0,279.0
2336,-467.0,279.0
2337,-465.0,279.0
2338,-463.0,279.0
2339,-461.0,279.0
2340,-459.0,279.0
2341,-457.0,279.0
2342,-455.0,279.0
2343,-453.0,279.0
2344,-451.0,279.0
2345,-449.0,279.0
2346,-447.0,279.0
2347,-445.0,279.0
2348,-443.0,279.0
2349,-441.0,279.0
2350,-439.0,279.0
2351,-437.0,279.0
2352,-435.0,279.0
2353,-433.0,279.0
2354,-431.0,279.0
2355,-429.0,279.0
2356,-427.0,279.0
2357,-425.0,279.0
2358,-423.0,279.0
2359,-421.0,279.0
2360,-419.0,279.0
2361,-417.0,279.0
2362,-415.0,279.0
2363,-413.0,279.0
2364,-413.0,281.0
2365,-413.0,283.0
2366,-415.0,283.0
2367,-417.0,283.0
2368,-419.0,283.0
2369,-421.0,283.0
2370,-423.0,283.0
2371,-425.0,283.0
2372,-427.0,283.0
2373,-429.0,283.0
2374,-431.0,283.0
2375,-433.0,283.0
2376,-435.0,283.0
2377,-437.0,283.0
2378,-439.0,283.0
2379,-441.0,283.0
2380,-443.0,283.0
2381,-445.0,283.0
2382,-447.0,283.0
2383,-449.0,283.0
2384,-451.0,283.0
2385,-453.0,283.0
2386,-455.0,283.0
2387,-457.0,283.0
2388,-459.0,283.0
2389,-461.0,283.0
2390,-463.0,283.0
2391,-465.0,283.0
2392,-467.0,283.0
2393,-469.0,283.0
2394,-471.0,283.0
2395,-473.0,283.0
2396,-475.0,283.0
2397,-477.0,283.0
2398,-479.0,283.0
2399,-481.0,283.0
2400,-483.0,283.0
2401,-485.0,283.0
2402,-487.0,283.0
2403,-489.0,283.0
2404,-491.0,283.0
2405,-493.0,283.0
2406,-495.0,283.0
2407,-497.0,283.0
2408,-499.0,283.0
2409,-501.0,283.0
2410,-503.0,283.0
2411,-505.0,283.0
2412,-507.0,283.0
2413,-509.0,283.0
2414,-511.0,283.0
2415,-513.0,283.0
2416,-515.0,283.0
2417,-517.0,283.0
2418,-519.0,283.0
2419,-521.0,283.0
2420,-523.0,283.0
2421,-525.0,283.0
2422,-527.0,283.0
2423,-529.0,283.0
2424,-531.0,283.0
2425,-533.0,283.0
2426,-535.0,283.0
2427,-537.0,283.0
2428,-539.0,283.0
2429,-541.0,283.0
2430,-543.0,283.0
2431,-545.0,283.0
2432,-547.0,283.0
2433,-549.0,283.0
2434,-551.0,283.0
2435,-553.0,283.0
2436,-555.0,283.0
2437,-557.0,283.0
2438,-559.0,283.0
2439,-561.0,283.0
2440,-561.0,285.0
2441,-561.0,287.0
2442,-559.0,287.0
2443,-557.0,287.0
2444,-555.0,287.0
2445,-553.0,287.0
2446,-551.0,287.0
2447,-549.0,287.0
2448,-547.0,287.0
2449,-545.0,287.0
2450,-543.0,287.0
2451,-541.0,287.0
2452,-539.0,287.0
2453,-537.0,287.0
2454,-535.0,287.0
2455,-533.0,287.0
2456,-531.0,287.0
2457,-529.0,287.0
2458,-527.0,287.0
2459,-525.0,287.0
2460,-523.0,287.0
2461,-521.0,287.0
2462,-519.0,287.0
2463,-517.0,287.0
2464,-515.0,287.0
2465,-513.0,287.0
2466,-511.0,287.0
2467,-509.0,287.0
2468,-507.0,287.0
2469,-505.0,287.0
2470,-503.0,287.0
2471,-501.0,287.0
2472,-499.0,287.0
2473,-497.0,287.0
2474,-495.0,287.0
2475,-493.0,287.0
2476,-491.0,287.0
2477,-489.0,287.0
2478,-487.0,287.0
2479,-485.0,287.0
2480,-483.0,287.0
2481,-481.0,287.0
2482,-479.0,287.0
2483,-477.0,287.0
2484,-475.0,287.0
2485,-473.0,287.0
2486,-471.0,287.0
2487,-469.0,287.0
2488,-467.0,287.0
2489,-465.0,287.0
2490,-463.0,287.0
2491,-461.0,287.0
2492,-459.0,287.0
2493,-457.0,287.0
2494,-455.0,287.0
2495,-453.0,287.0
2496,-451.0,287.0
2497,-449.0,287.0
2498,-447.0,287.0
2499,-445.0,287.0
2500,-443.0,287.0
2501,-441.0,287.0
2502,-439.0,287.0
2503,-437.0,287.0
2504,-435.0,287.0
2505,-433.0,287.0
2506,-431.0,287.0
2507,-429.0,287.0
2508,-427.0,287.0
2509,-425.0,287.0
2510,-423.0,287.0
2511,-421.0,287.0
2512,-419.0,287.0
2513,-417.0,287.0
2514,-415.0,287.0
2515,-413.0,287.0
2516,-415.0,285.0
2517,-417.0,283.0
2518,-419.0,281.0
2519,-421.0,279.0
2520,-423.0,277.0
2521,-425.0,275.0
2522,-427.0,273.0
2523,-429.0,271.0
2524,-431.0,269.0
2525,-433.0,267.0
2526,-435.0,265.0
2527,-437.0,263.0
2528,-439.0,261.0
2529,-441.0,259.0
2530,-443.0,257.0
2531,-445.0,255.0
2532,-447.0,253.0
2533,-449.0,251.0
2534,-451.0,249.0
2535,-453.0,247.0
2536,-455.0,245.0
2537,-457.0,243.0
2538,-459.0,241.0
2539,-461.0,239.0
2540,-463.0,237.0
2541,-465.0,235.0
2542,-467.0,233.0
2543,-469.0,231.0
2544,-471.0,229.0
2545,-473.0,227.0
2546,-475.0,225.0
2547,-477.0,223.0
2548,-479.0,221.0
2549,-481.0,219.0
2550,-483.0,217.0
2551,-485.0,215.0
2552,-487.0,213.0
2553,-489.0,211.0
2554,-491.0,209.0
2555,-493.0,207.0
2556,-495.0,205.0
2557,-497.0,203.0
2558,-499.0,201.0
2559,-501.0,199.0
2560,-503.0,197.0
2561,-503.0,195.0
2562,-505.0,193.0
2563,-507.0,191.0
2564,-509.0,189.0
2565,-511.0,187.0
2566,-513.0,185.0
2567,-515.0,183.0
2568,-517.0,181.0
2569,-519.0,179.0
2570,-521.0,177.0
2571,-523.0,175.0
2572,-525.0,173.0
2573,-527.0,171.0
2574,-529.0,169.0
2575,-531.0,167.0
2576,-531.0,165.0
2577,-533.0,163.0
2578,-533.0,161.0
