waypoint_id,x,y,yaw
0,-551.0,219.0,0.0
1,-549.0,219.0,0.0
2,-547.0,219.0,0.0
3,-545.0,219.0,0.0
4,-543.0,219.0,0.0
5,-541.0,219.0,0.0
6,-539.0,219.0,0.0
7,-537.0,219.0,0.0
8,-535.0,219.0,0.0
9,-533.0,219.0,0.0
10,-531.0,219.0,0.0
11,-529.0,219.0,0.0
12,-527.0,219.0,0.0
13,-525.0,219.0,0.0
14,-523.0,219.0,0.0
15,-521.0,219.0,0.0
16,-519.0,219.0,0.0
17,-517.0,219.0,0.0
18,-515.0,219.0,0.0
19,-513.0,219.0,0.0
20,-511.0,219.0,0.0
21,-509.0,219.0,0.0
22,-507.0,219.0,0.0
23,-505.0,219.0,0.0
24,-503.0,219.0,0.0
25,-501.0,219.0,0.0
26,-499.0,219.0,0.0
27,-497.0,219.0,0.0
28,-495.0,219.0,0.0
29,-493.0,219.0,0.0
30,-491.0,219.0,0.0
31,-489.0,219.0,0.0
32,-487.0,219.0,0.0
33,-485.0,219.0,0.0
34,-483.0,219.0,0.0
35,-481.0,219.0,0.0
36,-479.0,219.0,0.0
37,-477.0,219.0,0.0
38,-475.0,219.0,0.0
39,-473.0,219.0,0.0
40,-471.0,219.0,0.0
41,-469.0,219.0,0.0
42,-467.0,219.0,0.0
43,-465.0,219.0,0.0
44,-463.0,219.0,0.0
45,-461.0,219.0,0.0
46,-459.0,219.0,0.0
47,-457.0,219.0,0.0
48,-455.0,219.0,0.0
49,-453.0,219.0,0.0
50,-451.0,219.0,0.0
51,-449.0,219.0,0.0
52,-447.0,219.0,0.0
53,-445.0,219.0,0.0
54,-443.0,219.0,0.0
55,-441.0,219.0,0.0
56,-439.0,219.0,0.0
57,-437.0,219.0,0.0
58,-435.0,219.0,0.0
59,-433.0,219.0,0.0
60,-431.0,219.0,0.0
61,-429.0,219.0,0.0
62,-427.0,219.0,0.0
63,-425.0,219.0,0.0
64,-423.0,219.0,0.0
65,-421.0,219.0,0.0
66,-419.0,219.0,0.0
67,-417.0,219.0,0.0
68,-415.0,219.0,0.0
69,-413.0,219.0,0.0
70,-411.0,219.0,0.0
71,-409.0,219.0,0.0
72,-407.0,219.0,0.0
73,-405.0,219.0,0.0
74,-403.0,219.0,0.0
75,-401.0,219.0,0.0
76,-399.0,219.0,0.0
77,-397.0,219.0,0.0
78,-396.5099142983522,219.024076366639,0.09817477042468103
79,-396.0245483899194,219.09607359798383,0.19634954084936207
80,-395.54857661372773,219.21529832133893,0.2945243112740431
81,-395.0865828381746,219.38060233744355,0.39269908169872414
82,-394.64301631587006,219.5903936782582,0.4908738521234052
83,-394.22214883490204,219.84265193848725,0.5890486225480862
84,-393.8280335791818,220.1349477331863,0.6872233929727672
85,-393.4644660940673,220.46446609406723,0.7853981633974483
86,-393.1349477331863,220.82803357918175,0.8835729338221293
87,-392.8426519384873,221.22214883490196,0.9817477042468103
88,-392.59039367825824,221.64301631586997,1.0799224746714913
89,-392.3806023374436,222.0865828381745,1.1780972450961724
90,-392.215298321339,222.54857661372765,1.2762720155208536
91,-392.0960735979839,223.02454838991932,1.3744467859455347
92,-392.02407636663906,223.50991429835216,1.4726215563702159
93,-392.00000000000006,223.99999999999997,1.570796326794897
94,-392.00000000000006,225.49999999999997,1.570796326794897
95,-392.00000000000006,226.99999999999997,1.570796326794897
96,-392.00000000000006,228.49999999999997,1.570796326794897
97,-392.00000000000006,229.99999999999997,1.570796326794897
98,-392.02407636663906,230.49008570164779,1.668971097219578
99,-392.0960735979839,230.97545161008063,1.7671458676442588
100,-392.215298321339,231.4514233862723,1.8653206380689398
101,-392.3806023374436,231.91341716182544,1.9634954084936207
102,-392.59039367825824,232.35698368412997,2.061670178918302
103,-392.8426519384873,232.77785116509799,2.159844949342983
104,-393.1349477331863,233.1719664208182,2.258019719767664
105,-393.4644660940673,233.5355339059327,2.3561944901923453
106,-393.8280335791818,233.86505226681365,2.4543692606170264
107,-394.22214883490204,234.1573480615127,2.5525440310417076
108,-394.64301631587006,234.40960632174173,2.6507188014663887
109,-395.0865828381746,234.6193976625564,2.74889357189107
110,-395.54857661372773,234.784701678661,2.847068342315751
111,-396.0245483899194,234.9039264020161,2.945243112740432
112,-396.5099142983522,234.97592363336094,3.0434178831651133
113,-397.0,235.0,3.1415926535897944
114,-399.0,235.0,3.141592653589793
115,-401.0,235.0,3.141592653589793
116,-403.0,235.0,3.141592653589793
117,-405.0,235.0,3.141592653589793
118,-407.0,235.0,3.141592653589793
119,-409.0,235.0,3.141592653589793
120,-411.0,235.0,3.141592653589793
121,-413.0,235.0,3.141592653589793
122,-415.0,235.0,3.141592653589793
123,-417.0,235.0,3.141592653589793
124,-419.0,235.0,3.141592653589793
125,-421.0,235.0,3.141592653589793
126,-423.0,235.0,3.141592653589793
127,-425.0,235.0,3.141592653589793
128,-427.0,235.0,3.141592653589793
129,-429.0,235.0,3.141592653589793
130,-431.0,235.0,3.141592653589793
131,-433.0,235.0,3.141592653589793
132,-435.0,235.0,3.141592653589793
133,-437.0,235.0,3.141592653589793
134,-439.0,235.0,3.141592653589793
135,-441.0,235.0,3.141592653589793
136,-443.0,235.0,3.141592653589793
137,-445.0,235.0,3.141592653589793
138,-447.0,235.0,3.141592653589793
139,-449.0,235.0,3.141592653589793
140,-451.0,235.0,3.141592653589793
141,-453.0,235.0,3.141592653589793
142,-455.0,235.0,3.141592653589793
143,-457.0,235.0,3.141592653589793
144,-459.0,235.0,3.141592653589793
145,-461.0,235.0,3.141592653589793
146,-463.0,235.0,3.141592653589793
147,-465.0,235.0,3.141592653589793
148,-467.0,235.0,3.141592653589793
149,-469.0,235.0,3.141592653589793
150,-471.0,235.0,3.141592653589793
151,-473.0,235.0,3.141592653589793
152,-475.0,235.0,3.141592653589793
153,-477.0,235.0,3.141592653589793
154,-479.0,235.0,3.141592653589793
155,-481.0,235.0,3.141592653589793
156,-483.0,235.0,3.141592653589793
157,-485.0,235.0,3.141592653589793
158,-487.0,235.0,3.141592653589793
159,-489.0,235.0,3.141592653589793
160,-491.0,235.0,3.141592653589793
161,-493.0,235.0,3.141592653589793
162,-495.0,235.0,3.141592653589793
163,-497.0,235.0,3.141592653589793
164,-499.0,235.0,3.141592653589793
165,-501.0,235.0,3.141592653589793
166,-503.0,235.0,3.141592653589793
167,-505.0,235.0,3.141592653589793
168,-507.0,235.0,3.141592653589793
169,-509.0,235.0,3.141592653589793
170,-511.0,235.0,3.141592653589793
171,-513.0,235.0,3.141592653589793
172,-515.0,235.0,3.141592653589793
173,-517.0,235.0,3.141592653589793
174,-519.0,235.0,3.141592653589793
175,-521.0,235.0,3.141592653589793
176,-523.0,235.0,3.141592653589793
177,-525.0,235.0,3.141592653589793
178,-527.0,235.0,3.141592653589793
179,-529.0,235.0,3.141592653589793
180,-531.0,235.0,3.141592653589793
181,-533.0,235.0,3.141592653589793
182,-535.0,235.0,3.141592653589793
183,-537.0,235.0,3.141592653589793
184,-539.0,235.0,3.141592653589793
185,-541.0,235.0,3.141592653589793
186,-543.0,235.0,3.141592653589793
187,-545.0,235.0,3.141592653589793
188,-547.0,235.0,3.141592653589793
189,-549.0,235.0,3.141592653589793
190,-551.0,235.0,3.141592653589793
191,-551.4900857016478,235.024076366639,3.043417883165112
192,-551.9754516100807,235.09607359798383,2.945243112740431
193,-552.4514233862724,235.21529832133893,2.8470683423157497
194,-552.9134171618255,235.38060233744355,2.7488935718910685
195,-553.35698368413,235.5903936782582,2.6507188014663874
196,-553.777851165098,235.84265193848725,2.5525440310417062
197,-554.1719664208182,236.1349477331863,2.454369260617025
198,-554.5355339059327,236.46446609406723,2.356194490192344
199,-554.8650522668136,236.82803357918175,2.258019719767663
200,-555.1573480615126,237.22214883490196,2.1598449493429817
201,-555.4096063217416,237.64301631586997,2.0616701789183005
202,-555.6193976625563,238.0865828381745,1.9634954084936196
203,-555.7847016786609,238.54857661372765,1.8653206380689387
204,-555.903926402016,239.02454838991932,1.7671458676442577
205,-555.9759236333609,239.50991429835216,1.6689710972195768
206,-556.0,239.99999999999997,1.570796326794896
207,-556.0,241.49999999999997,1.570796326794896
208,-556.0,242.99999999999997,1.570796326794896
209,-556.0,244.49999999999997,1.570796326794896
210,-556.0,245.99999999999997,1.570796326794896
211,-555.9759236333609,246.49008570164779,1.472621556370215
212,-555.903926402016,246.97545161008063,1.3744467859455338
213,-555.7847016786609,247.4514233862723,1.2762720155208527
214,-555.6193976625563,247.91341716182544,1.1780972450961715
215,-555.4096063217416,248.35698368412997,1.0799224746714904
216,-555.1573480615126,248.77785116509799,0.9817477042468093
217,-554.8650522668136,249.1719664208182,0.8835729338221283
218,-554.5355339059327,249.5355339059327,0.7853981633974473
219,-554.1719664208182,249.86505226681365,0.6872233929727662
220,-553.777851165098,250.1573480615127,0.5890486225480852
221,-553.35698368413,250.40960632174173,0.4908738521234042
222,-552.9134171618255,250.6193976625564,0.39269908169872314
223,-552.4514233862724,250.784701678661,0.2945243112740421
224,-551.9754516100807,250.9039264020161,0.19634954084936107
225,-551.4900857016478,250.97592363336094,0.09817477042468004
226,-551.0,251.0,-9.992007221626409e-16
227,-549.0,251.0,0.0
228,-547.0,251.0,0.0
229,-545.0,251.0,0.0
230,-543.0,251.0,0.0
231,-541.0,251.0,0.0
232,-539.0,251.0,0.0
233,-537.0,251.0,0.0
234,-535.0,251.0,0.0
235,-533.0,251.0,0.0
236,-531.0,251.0,0.0
237,-529.0,251.0,0.0
238,-527.0,251.0,0.0
239,-525.0,251.0,0.0
240,-523.0,251.0,0.0
241,-521.0,251.0,0.0
242,-519.0,251.0,0.0
243,-517.0,251.0,0.0
244,-515.0,251.0,0.0
245,-513.0,251.0,0.0
246,-511.0,251.0,0.0
247,-509.0,251.0,0.0
248,-507.0,251.0,0.0
249,-505.0,251.0,0.0
250,-503.0,251.0,0.0
251,-501.0,251.0,0.0
252,-499.0,251.0,0.0
253,-497.0,251.0,0.0
254,-495.0,251.0,0.0
255,-493.0,251.0,0.0
256,-491.0,251.0,0.0
257,-489.0,251.0,0.0
258,-487.0,251.0,0.0
259,-485.0,251.0,0.0
260,-483.0,251.0,0.0
261,-481.0,251.0,0.0
262,-479.0,251.0,0.0
263,-477.0,251.0,0.0
264,-475.0,251.0,0.0
265,-473.0,251.0,0.0
266,-471.0,251.0,0.0
267,-469.0,251.0,0.0
268,-467.0,251.0,0.0
269,-465.0,251.0,0.0
270,-463.0,251.0,0.0
271,-461.0,251.0,0.0
272,-459.0,251.0,0.0
273,-457.0,251.0,0.0
274,-455.0,251.0,0.0
275,-453.0,251.0,0.0
276,-451.0,251.0,0.0
277,-449.0,251.0,0.0
278,-447.0,251.0,0.0
279,-445.0,251.0,0.0
280,-443.0,251.0,0.0
281,-441.0,251.0,0.0
282,-439.0,251.0,0.0
283,-437.0,251.0,0.0
284,-435.0,251.0,0.0
285,-433.0,251.0,0.0
286,-431.0,251.0,0.0
287,-429.0,251.0,0.0
288,-427.0,251.0,0.0
289,-425.0,251.0,0.0
290,-423.0,251.0,0.0
291,-421.0,251.0,0.0
292,-419.0,251.0,0.0
293,-417.0,251.0,0.0
294,-415.0,251.0,0.0
295,-413.0,251.0,0.0
296,-411.0,251.0,0.0
297,-409.0,251.0,0.0
298,-407.0,251.0,0.0
299,-405.0,251.0,0.0
300,-403.0,251.0,0.0
301,-401.0,251.0,0.0
302,-399.0,251.0,0.0
303,-397.0,251.0,0.0
304,-396.5099142983522,251.024076366639,0.09817477042468103
305,-396.0245483899194,251.09607359798383,0.19634954084936207
306,-395.54857661372773,251.21529832133893,0.2945243112740431
307,-395.0865828381746,251.38060233744355,0.39269908169872414
308,-394.64301631587006,251.5903936782582,0.4908738521234052
309,-394.22214883490204,251.84265193848725,0.5890486225480862
310,-393.8280335791818,252.1349477331863,0.6872233929727672
311,-393.4644660940673,252.46446609406723,0.7853981633974483
312,-393.1349477331863,252.82803357918175,0.8835729338221293
313,-392.8426519384873,253.22214883490196,0.9817477042468103
314,-392.59039367825824,253.64301631586997,1.0799224746714913
315,-392.3806023374436,254.0865828381745,1.1780972450961724
316,-392.215298321339,254.54857661372765,1.2762720155208536
317,-392.0960735979839,255.02454838991932,1.3744467859455347
318,-392.02407636663906,255.50991429835216,1.4726215563702159
319,-392.00000000000006,255.99999999999997,1.570796326794897
320,-392.00000000000006,257.5,1.570796326794897
321,-392.00000000000006,259.0,1.570796326794897
322,-392.00000000000006,260.5,1.570796326794897
323,-392.00000000000006,262.0,1.570796326794897
324,-392.02407636663906,262.4900857016478,1.668971097219578
325,-392.0960735979839,262.9754516100806,1.7671458676442588
326,-392.215298321339,263.45142338627227,1.8653206380689398
327,-392.3806023374436,263.9134171618254,1.9634954084936207
328,-392.59039367825824,264.35698368412994,2.061670178918302
329,-392.8426519384873,264.77785116509796,2.159844949342983
330,-393.1349477331863,265.1719664208182,2.258019719767664
331,-393.4644660940673,265.5355339059327,2.3561944901923453
332,-393.8280335791818,265.8650522668137,2.4543692606170264
333,-394.22214883490204,266.1573480615127,2.5525440310417076
334,-394.64301631587006,266.40960632174176,2.6507188014663887
335,-395.0865828381746,266.6193976625564,2.74889357189107
336,-395.54857661372773,266.784701678661,2.847068342315751
337,-396.0245483899194,266.9039264020161,2.945243112740432
338,-396.5099142983522,266.97592363336094,3.0434178831651133
339,-397.0,267.0,3.1415926535897944
340,-399.0,267.0,3.141592653589793
341,-401.0,267.0,3.141592653589793
342,-403.0,267.0,3.141592653589793
343,-405.0,267.0,3.141592653589793
344,-407.0,267.0,3.141592653589793
345,-409.0,267.0,3.141592653589793
346,-411.0,267.0,3.141592653589793
347,-413.0,267.0,3.141592653589793
348,-415.0,267.0,3.141592653589793
349,-417.0,267.0,3.141592653589793
350,-419.0,267.0,3.141592653589793
351,-421.0,267.0,3.141592653589793
352,-423.0,267.0,3.141592653589793
353,-425.0,267.0,3.141592653589793
354,-427.0,267.0,3.141592653589793
355,-429.0,267.0,3.141592653589793
356,-431.0,267.0,3.141592653589793
357,-433.0,267.0,3.141592653589793
358,-435.0,267.0,3.141592653589793
359,-437.0,267.0,3.141592653589793
360,-439.0,267.0,3.141592653589793
361,-441.0,267.0,3.141592653589793
362,-443.0,267.0,3.141592653589793
363,-445.0,267.0,3.141592653589793
364,-447.0,267.0,3.141592653589793
365,-449.0,267.0,3.141592653589793
366,-451.0,267.0,3.141592653589793
367,-453.0,267.0,3.141592653589793
368,-455.0,267.0,3.141592653589793
369,-457.0,267.0,3.141592653589793
370,-459.0,267.0,3.141592653589793
371,-461.0,267.0,3.141592653589793
372,-463.0,267.0,3.141592653589793
373,-465.0,267.0,3.141592653589793
374,-467.0,267.0,3.141592653589793
375,-469.0,267.0,3.141592653589793
376,-471.0,267.0,3.141592653589793
377,-473.0,267.0,3.141592653589793
378,-475.0,267.0,3.141592653589793
379,-477.0,267.0,3.141592653589793
380,-479.0,267.0,3.141592653589793
381,-481.0,267.0,3.141592653589793
382,-483.0,267.0,3.141592653589793
383,-485.0,267.0,3.141592653589793
384,-487.0,267.0,3.141592653589793
385,-489.0,267.0,3.141592653589793
386,-491.0,267.0,3.141592653589793
387,-493.0,267.0,3.141592653589793
388,-495.0,267.0,3.141592653589793
389,-497.0,267.0,3.141592653589793
390,-499.0,267.0,3.141592653589793
391,-501.0,267.0,3.141592653589793
392,-503.0,267.0,3.141592653589793
393,-505.0,267.0,3.141592653589793
394,-507.0,267.0,3.141592653589793
395,-509.0,267.0,3.141592653589793
396,-511.0,267.0,3.141592653589793
397,-513.0,267.0,3.141592653589793
398,-515.0,267.0,3.141592653589793
399,-517.0,267.0,3.141592653589793
400,-519.0,267.0,3.141592653589793
401,-521.0,267.0,3.141592653589793
402,-523.0,267.0,3.141592653589793
403,-525.0,267.0,3.141592653589793
404,-527.0,267.0,3.141592653589793
405,-529.0,267.0,3.141592653589793
406,-531.0,267.0,3.141592653589793
407,-533.0,267.0,3.141592653589793
408,-535.0,267.0,3.141592653589793
409,-537.0,267.0,3.141592653589793
410,-539.0,267.0,3.141592653589793
411,-541.0,267.0,3.141592653589793
412,-543.0,267.0,3.141592653589793
413,-545.0,267.0,3.141592653589793
414,-547.0,267.0,3.141592653589793
415,-549.0,267.0,3.141592653589793
416,-551.0,267.0,3.141592653589793
